"CARD","effect","group","term","estimate","std.error","statistic","df","p.value","padj"
"CARD_004","fixed",NA,"(Intercept)",-4.62182996742017,0.0286788592744338,-161.158082446479,133.239649356957,1.383787701428e-154,3.59784802371281e-153
"CARD_004","fixed",NA,"st131_detectyes",-0.0635805232114042,0.0725429339303354,-0.876453704953014,245.928919777269,0.381638730287971,0.543704492465055
"CARD_006","fixed",NA,"(Intercept)",-4.0081906168711,0.0950629859150059,-42.1635253541767,129.230048371354,2.12023713620049e-77,5.37816249182562e-77
"CARD_006","fixed",NA,"st131_detectyes",-0.20535952706038,0.162378021416098,-1.2647002671263,204.041990097684,0.207421389493669,0.330180987357269
"CARD_013","fixed",NA,"(Intercept)",-3.56775894998322,0.0327493321703704,-108.941426085357,128.66901363109,1.36687793793208e-128,1.70586366653923e-127
"CARD_013","fixed",NA,"st131_detectyes",-0.116254465399297,0.0698216868261374,-1.66501943284157,241.896781833049,0.0972034986054906,0.169427327178285
"CARD_014","fixed",NA,"(Intercept)",-5.06664408003908,0.102688106397154,-49.3401257244287,128.322279883432,2.64415679718091e-85,8.00948466718877e-85
"CARD_014","fixed",NA,"st131_detectyes",0.359397126988948,0.167078142233971,2.15107208030635,196.848935011423,0.0326891329770215,0.0596433303440392
"CARD_015","fixed",NA,"(Intercept)",-3.74708017348619,0.0501721722543744,-74.6844317301708,110.959286708989,1.04868976587764e-96,4.54432231880309e-96
"CARD_015","fixed",NA,"st131_detectyes",-0.0722214412604672,0.0871835751050972,-0.828383570797669,194.530873540238,0.408468485792953,0.571489540660992
"CARD_016","fixed",NA,"(Intercept)",-1.66608424071366,0.0578615313023252,-28.7943337000261,124.848640053812,5.66170912484527e-57,1.1935494911836e-56
"CARD_016","fixed",NA,"st131_detectyes",-0.2049862788563,0.110308629717942,-1.85829775404199,219.821270240663,0.0644636244751698,0.114276425205983
"CARD_038","fixed",NA,"(Intercept)",-3.46901379698169,0.096921995230285,-35.7918116392401,120.36485867263,5.26481041574226e-66,1.15677524627576e-65
"CARD_038","fixed",NA,"st131_detectyes",-0.10498888811598,0.120682509035842,-0.869959441138225,165.181775644396,0.385585006544777,0.544355303357333
"CARD_057","fixed",NA,"(Intercept)",-1.97090629403275,0.104703390136232,-18.8237104020067,124.675150719578,3.00095222496943e-38,6.07985126097702e-38
"CARD_057","fixed",NA,"st131_detectyes",-0.0225831915605233,0.141786347924665,-0.159276206003432,175.120221177177,0.873634813674359,0.936680624970446
"CARD_082","fixed",NA,"(Intercept)",-3.60210141833957,0.0517788812255415,-69.5669997706077,111.765774206643,7.50505599979699e-94,3.0020223999188e-93
"CARD_082","fixed",NA,"st131_detectyes",-0.186065295949638,0.10867892214146,-1.71206423732698,235.208187072351,0.0882028639867067,0.154602772830632
"CARD_085","fixed",NA,"(Intercept)",-3.60786644436249,0.105547087015034,-34.1825297731676,123.454205361084,8.55490696735949e-65,1.8665251565148e-64
"CARD_085","fixed",NA,"st131_detectyes",-0.17563830991079,0.162148217403374,-1.08319605804767,186.30480371551,0.280121294494204,0.428420803344077
"CARD_086","fixed",NA,"(Intercept)",-4.17131589297318,0.0328182715377823,-127.103460892842,123.185581630371,1.64352315412915e-132,2.56389612044147e-131
"CARD_086","fixed",NA,"st131_detectyes",-0.017995725610512,0.0749937496972533,-0.239963006025969,251.209445103767,0.810554627275428,0.896783842943027
"CARD_098","fixed",NA,"(Intercept)",-3.61948915079592,0.0898548447212635,-40.2815136125809,130.380141412153,1.94423055627895e-75,4.77551188089854e-75
"CARD_098","fixed",NA,"st131_detectyes",0.245701323895258,0.181401841187706,1.35445882074051,232.558162632271,0.176904532324028,0.284506258170602
"CARD_103","fixed",NA,"(Intercept)",-5.21006888119527,0.0311952000075687,-167.015081805251,252.999999998728,6.9727837315652e-261,7.25169508082781e-259
"CARD_103","fixed",NA,"st131_detectyes",0.0938147036870403,0.0830245660424965,1.12996319232817,252.999999997743,0.259561866004293,0.400907436600691
"CARD_105","fixed",NA,"(Intercept)",-3.43664540836978,0.0705461527608806,-48.7148522474139,119.306795642094,1.35850185744891e-80,3.62267161986375e-80
"CARD_105","fixed",NA,"st131_detectyes",-0.133645351815866,0.0946568145605645,-1.41189361205849,169.708952657387,0.159812209302704,0.262428470012861
"CARD_122","fixed",NA,"(Intercept)",-3.07749475254717,0.0707990954171507,-43.4679953806537,130.676217447528,1.43937258506789e-79,3.80579869950154e-79
"CARD_122","fixed",NA,"st131_detectyes",0.00416078708090293,0.152425340737417,0.0272972135786182,243.815951384369,0.978245008526661,0.984556266646187
"CARD_123","fixed",NA,"(Intercept)",-3.23296811134888,0.0515416983527525,-62.7252926207897,132.739893724272,1.59017203859252e-100,8.00215606517524e-100
"CARD_123","fixed",NA,"st131_detectyes",0.107081199832629,0.112053157346289,0.955628581724877,245.571223934186,0.340199692806305,0.49368513560729
"CARD_124","fixed",NA,"(Intercept)",-2.79577058395004,0.0303149567032749,-92.2241325071073,126.715450590301,5.01466251679156e-118,4.34604084788602e-117
"CARD_124","fixed",NA,"st131_detectyes",0.111380844588784,0.0703717974258928,1.58274832621799,252.443308543345,0.114730826822222,0.197768055074769
"CARD_125","fixed",NA,"(Intercept)",-3.02761156180473,0.0549655264736832,-55.0820078700477,130.468237858251,3.28221317813672e-92,1.26425989083785e-91
"CARD_125","fixed",NA,"st131_detectyes",0.047030853902696,0.10876076111572,0.432424832450887,228.94234482467,0.665839705741511,0.792908351875387
"CARD_126","fixed",NA,"(Intercept)",-2.63557689449206,0.0414245568841506,-63.6235386141318,131.851038067471,7.74360290216353e-101,4.09492221266953e-100
"CARD_126","fixed",NA,"st131_detectyes",0.0454822126446379,0.091699710341328,0.495990799483906,247.999142904806,0.620340174069729,0.75900444827355
"CARD_127","fixed",NA,"(Intercept)",-2.68774972082353,0.0390228197530859,-68.8763584443686,134.699277732096,7.05927747276118e-107,4.58853035729477e-106
"CARD_127","fixed",NA,"st131_detectyes",0.0561347226116289,0.0834640810158948,0.672561441141833,243.365659479104,0.501864407790585,0.66877891624232
"CARD_128","fixed",NA,"(Intercept)",-3.1915652685907,0.06495487895831,-49.1351122467512,130.252989286308,6.1456748673106e-86,1.93681874606152e-85
"CARD_128","fixed",NA,"st131_detectyes",0.0431692927785261,0.14825469111463,0.291183317397678,251.296545340749,0.771151314643295,0.859282893459672
"CARD_129","fixed",NA,"(Intercept)",-3.0014324541802,0.0766823653575507,-39.1411042184898,127.917427807707,4.65854632967913e-73,1.08467645885066e-72
"CARD_129","fixed",NA,"st131_detectyes",-0.232818373434602,0.152737684245767,-1.52430210386049,229.286424138767,0.12881134162443,0.218419231450121
"CARD_130","fixed",NA,"(Intercept)",-3.30340680607203,0.0781462623478988,-42.2721024246254,129.714321856505,1.01309859503118e-77,2.59087509548959e-77
"CARD_130","fixed",NA,"st131_detectyes",-0.121331854231559,0.17462094705617,-0.694829894563164,249.039100936375,0.487809656852962,0.658859796268936
"CARD_131","fixed",NA,"(Intercept)",-3.05674525873512,0.062831494037508,-48.6498897656381,131.138914832402,8.60115154835917e-86,2.6569893891961e-85
"CARD_131","fixed",NA,"st131_detectyes",-0.0978864086329885,0.129230628081067,-0.757455179832324,236.116462254286,0.449532450549481,0.620593471555036
"CARD_132","fixed",NA,"(Intercept)",-2.88480230834826,0.0543585972791191,-53.0698445645212,131.654153630756,9.50364699631016e-91,3.44783472424275e-90
"CARD_132","fixed",NA,"st131_detectyes",0.055816376403352,0.118515102227815,0.470964251425604,245.868687915737,0.638083839532873,0.771460798651111
"CARD_133","fixed",NA,"(Intercept)",-2.54235829661652,0.0437264099098726,-58.1423972801961,134.54084827007,3.29167753401888e-97,1.44648364875196e-96
"CARD_133","fixed",NA,"st131_detectyes",-0.0321143121278156,0.0913860190302051,-0.351413842824263,239.629338067071,0.72558668776583,0.829241928875234
"CARD_134","fixed",NA,"(Intercept)",-3.22110516714398,0.0708728590303356,-45.4490648636773,130.633001912002,6.34448077085923e-82,1.76739107188221e-81
"CARD_134","fixed",NA,"st131_detectyes",0.118620699196117,0.139052994188891,0.853061092916712,227.471338830774,0.394522772798652,0.554464437446754
"CARD_135","fixed",NA,"(Intercept)",-2.6425802463381,0.0404322082094902,-65.3582963524075,137.185226557086,2.9422039165554e-105,1.76532234993324e-104
"CARD_135","fixed",NA,"st131_detectyes",0.0391078872088719,0.0873168039894709,0.447885005200004,245.130771929554,0.654631761747657,0.782548312893751
"CARD_136","fixed",NA,"(Intercept)",-2.8910148283848,0.0629007388416404,-45.9615400649467,127.949115311471,2.09493347580495e-81,5.683645603923e-81
"CARD_136","fixed",NA,"st131_detectyes",-0.0693831856517485,0.126294298159739,-0.54937702384625,230.798952390271,0.5832778938796,0.730854228475644
"CARD_137","fixed",NA,"(Intercept)",-2.9656274379088,0.0622804475823965,-47.6173109383213,131.289868577208,1.06390874760411e-84,3.16132885002366e-84
"CARD_137","fixed",NA,"st131_detectyes",0.00554359735391483,0.132435462920212,0.0418588588862688,241.897897224077,0.966645742904377,0.981210898433026
"CARD_138","fixed",NA,"(Intercept)",-3.06760982466554,0.0756380516313648,-40.5564363240882,129.401453653262,1.95918436139427e-75,4.77551188089854e-75
"CARD_138","fixed",NA,"st131_detectyes",-0.0249182434805027,0.156332995906973,-0.159392093370554,236.565123466134,0.873495968274097,0.936680624970446
"CARD_139","fixed",NA,"(Intercept)",-2.60249884247011,0.0481947395024532,-53.9996453832401,129.370908857746,1.31546315005179e-90,4.71752302087539e-90
"CARD_139","fixed",NA,"st131_detectyes",0.0429196297356218,0.108307997095134,0.396273875306943,249.694783516117,0.692241424047869,0.805893001130355
"CARD_140","fixed",NA,"(Intercept)",-3.33938450549091,0.0505946053359632,-66.0027780297209,131.738479398232,8.18231537201143e-103,4.72755999271772e-102
"CARD_140","fixed",NA,"st131_detectyes",0.022241978536014,0.107607360705562,0.206695698046838,242.005319719969,0.836421315750412,0.912459617182268
"CARD_143","fixed",NA,"(Intercept)",-2.76605012233438,0.0719073254373707,-38.4668753219522,127.558705436234,4.83775628005722e-72,1.10173719662617e-71
"CARD_143","fixed",NA,"st131_detectyes",-0.183805588707709,0.153371618954495,-1.19843286496339,241.782202881238,0.231921901280499,0.365452692926846
"CARD_167","fixed",NA,"(Intercept)",-3.86208988273866,0.044061803369259,-87.6516526201275,150.448757733704,4.897471189293e-131,6.94550459572461e-130
"CARD_167","fixed",NA,"st131_detectyes",0.417949949275822,0.0922100880053773,4.53258378032834,242.698724721385,9.15246965378182e-06,1.80732312150628e-05
"CARD_176","fixed",NA,"(Intercept)",-2.35226564843652,0.086465943735471,-27.2045333320238,126.376661528563,1.13031094538834e-54,2.33547692027261e-54
"CARD_176","fixed",NA,"st131_detectyes",-0.0447888015171678,0.151411643742105,-0.295808171751014,206.007508446133,0.76767453866265,0.85847475291307
"CARD_181","fixed",NA,"(Intercept)",-4.00133550672043,0.0770348951390818,-51.9418569921626,127.328294728883,1.43812319086525e-87,4.82467134999955e-87
"CARD_181","fixed",NA,"st131_detectyes",0.000856884586584411,0.119351576672198,0.00717949951292107,190.220811160642,0.994279161244427,0.997476200348107
"CARD_186","fixed",NA,"(Intercept)",-3.98869532780244,0.0503068473708017,-79.2873244153538,144.341486734664,6.69575982298191e-121,6.33053655991017e-120
"CARD_186","fixed",NA,"st131_detectyes",-0.0650472370680183,0.115015669789072,-0.565551086971965,251.752485848391,0.572202676008293,0.729818885008572
"CARD_203","fixed",NA,"(Intercept)",-4.19569273652097,0.0255499299488009,-164.215430137329,157.966626943824,1.9560409394088e-178,7.62855966369433e-177
"CARD_203","fixed",NA,"st131_detectyes",-0.0229454736339265,0.0554237543117844,-0.414000709963594,247.796756575702,0.679231698032694,0.804183730020815
"CARD_208","fixed",NA,"(Intercept)",-4.38130232795377,0.0370527220648657,-118.245086562972,137.226850478106,5.74124533572105e-140,1.05368737926175e-138
"CARD_208","fixed",NA,"st131_detectyes",0.0382974196417242,0.068883246827542,0.555975820036571,221.086455574577,0.578789604097105,0.729818885008572
"CARD_216","fixed",NA,"(Intercept)",-2.97675614755527,0.107040449394889,-27.8096379862302,127.774330793713,4.8041099984958e-56,9.99254879687127e-56
"CARD_216","fixed",NA,"st131_detectyes",0.129624199541324,0.193532796502298,0.669778982601458,211.950259784319,0.503727709349184,0.66877891624232
"CARD_225","fixed",NA,"(Intercept)",-4.00539683233649,0.0159568250801677,-251.014648102817,136.685234169262,5.33096836747465e-184,2.37608875807441e-182
"CARD_225","fixed",NA,"st131_detectyes",-0.0258145523071715,0.0370347824465738,-0.69703534358306,252.516113711628,0.486421877094436,0.658859796268936
"CARD_239","fixed",NA,"(Intercept)",-2.26733240252438,0.0461548025901784,-49.124517391108,132.215337631924,8.66782142955533e-87,2.8769790276822e-86
"CARD_239","fixed",NA,"st131_detectyes",0.00360924933745432,0.101908787330887,0.0354164683143119,247.690488406666,0.971776178255785,0.981210898433026
"CARD_242","fixed",NA,"(Intercept)",-4.88717521100725,0.0532836369545344,-91.7200005543419,122.778560225682,5.94992239940353e-115,4.88519944372079e-114
"CARD_242","fixed",NA,"st131_detectyes",0.115504690370837,0.114284614696052,1.01067576487028,241.965974815783,0.313181225710166,0.463092618111715
"CARD_262","fixed",NA,"(Intercept)",-4.29458617821933,0.0654946663287898,-65.5715406909636,146.664045348777,1.48270318962363e-110,1.05137135264221e-109
"CARD_262","fixed",NA,"st131_detectyes",0.569858621930134,0.135176748659671,4.21565563294352,240.12562676044,3.52871438780289e-05,6.88099305621563e-05
"CARD_269","fixed",NA,"(Intercept)",-3.05972224452854,0.0523532589901612,-58.4437779719417,125.431952653947,7.50883965346016e-93,2.92844746484946e-92
"CARD_269","fixed",NA,"st131_detectyes",-0.116356058615089,0.0990485127939063,-1.17473806857852,218.675531763883,0.241377139676013,0.374674963079184
"CARD_280","fixed",NA,"(Intercept)",-3.49489289977147,0.114207386511623,-30.6012860159073,126.801387483232,2.11658850632988e-60,4.52312064366385e-60
"CARD_280","fixed",NA,"st131_detectyes",0.0638359111365679,0.168824991960942,0.378118846001997,184.787190963998,0.705776313788326,0.812401596024725
"CARD_303","fixed",NA,"(Intercept)",-2.69866258403679,0.0726668528034677,-37.137463367727,128.984437517148,9.83448584007034e-71,2.20745293676399e-70
"CARD_303","fixed",NA,"st131_detectyes",-0.0567884838423034,0.143260687965852,-0.396399630970916,227.751215126735,0.692181382409602,0.805893001130355
"CARD_304","fixed",NA,"(Intercept)",-3.82172466832503,0.0299371725631913,-127.658170131402,132.802513578186,7.98405471514961e-141,1.55689066945417e-139
"CARD_304","fixed",NA,"st131_detectyes",0.153160300881778,0.0512436611669985,2.98886335194985,206.528146921732,0.00313975077567793,0.00604692741982417
"CARD_306","fixed",NA,"(Intercept)",-3.47394323153877,0.0731148940385705,-47.5134824062818,131.449619168914,1.19263217670263e-84,3.51038904840775e-84
"CARD_306","fixed",NA,"st131_detectyes",0.213713695665568,0.145067294076807,1.47320384670866,229.765051316444,0.142064687603133,0.234519484297235
"CARD_309","fixed",NA,"(Intercept)",-3.7049426571972,0.0605926078501867,-61.1451262562844,128.104977099367,1.17578462033935e-96,5.02527125405313e-96
"CARD_309","fixed",NA,"st131_detectyes",0.0841197043893932,0.124692833087309,0.674615391331217,235.44393977241,0.500582028610135,0.66877891624232
"CARD_310","fixed",NA,"(Intercept)",-3.90768545507812,0.0692781667232836,-56.4057283831789,130.206000292717,2.26125927891275e-93,8.93054297494654e-93
"CARD_310","fixed",NA,"st131_detectyes",0.306559166867769,0.143571713632065,2.13523373868334,237.237833081339,0.0337667746230551,0.061251358618565
"CARD_326","fixed",NA,"(Intercept)",-1.77261020526945,0.0637262841421773,-27.8159982043617,117.378013504023,1.6976878118047e-53,3.48472761370438e-53
"CARD_326","fixed",NA,"st131_detectyes",-0.284197118912643,0.119246059990938,-2.38328309492356,212.518388584495,0.0180394432871723,0.0339054596722757
"CARD_347","fixed",NA,"(Intercept)",-4.13976655221246,0.0403840101691232,-102.510041347445,136.086005731897,1.02485245082859e-130,1.39023462895009e-129
"CARD_347","fixed",NA,"st131_detectyes",0.15280707933156,0.0971054958708982,1.57361926800433,252.678503143383,0.11682674680532,0.200274423094834
"CARD_348","fixed",NA,"(Intercept)",-4.55224895191829,0.0585310103701347,-77.7749935142255,122.652592118866,3.16772193500399e-106,1.97665848744249e-105
"CARD_348","fixed",NA,"st131_detectyes",-0.0295941455461804,0.126980833251983,-0.233059941317705,243.969335456854,0.815910274809377,0.899519454913518
"CARD_358","fixed",NA,"(Intercept)",-3.03676964576435,0.0741468397492087,-40.9561574847397,130.201497333488,3.04038936130347e-76,7.65001194134421e-76
"CARD_358","fixed",NA,"st131_detectyes",-0.0472723927018058,0.155939746284579,-0.303145245699816,239.828739941095,0.762041966209501,0.85628158802961
"CARD_365","fixed",NA,"(Intercept)",-1.6638563591957,0.10574242783131,-15.7349929760458,125.397354789885,1.80836838872407e-31,3.61673677744815e-31
"CARD_365","fixed",NA,"st131_detectyes",0.0153417144007745,0.140017800303361,0.109569743043637,173.985698197849,0.912876882341121,0.9517620632537
"CARD_366","fixed",NA,"(Intercept)",-2.72913039260537,0.115556341447047,-23.617313930417,122.363515919047,2.10070039271907e-47,4.28378119299576e-47
"CARD_366","fixed",NA,"st131_detectyes",-0.200088684687804,0.12784134120505,-1.56513286548576,160.338295895214,0.119523273897758,0.203777385006014
"CARD_386","fixed",NA,"(Intercept)",-4.68386563329429,0.0551725425955777,-84.8948664125861,143.890022425301,8.346176414992e-125,8.9793346257845e-124
"CARD_386","fixed",NA,"st131_detectyes",0.157952840712724,0.13048470722854,1.21050845012876,252.998313259667,0.227213517904547,0.359850850691466
"CARD_388","fixed",NA,"(Intercept)",-4.12371296127443,0.0695821557586685,-59.263943698104,135.3151341424,1.11965156087633e-98,5.21389980587186e-98
"CARD_388","fixed",NA,"st131_detectyes",0.729825010580738,0.148402727947302,4.91786789013675,243.01806091632,1.61223196737203e-06,3.20392594789855e-06
"CARD_389","fixed",NA,"(Intercept)",-4.09614729234487,0.0337077971233061,-121.519281647531,120.2894767159,1.01067479398469e-127,1.1261804847258e-126
"CARD_389","fixed",NA,"st131_detectyes",0.075098712706564,0.0766987156799752,0.97913911648681,250.685499047327,0.328455213234534,0.481117495442134
"CARD_390","fixed",NA,"(Intercept)",-2.53435921696455,0.0172384779416946,-147.017574610501,157.187113695914,3.15476956544942e-170,1.0936534493558e-168
"CARD_390","fixed",NA,"st131_detectyes",0.0926299156839627,0.034244721314704,2.70493997695899,237.342578013199,0.00732676419997525,0.0139387221365383
"CARD_398","fixed",NA,"(Intercept)",-4.1997424033839,0.0228128757733279,-184.095264670407,123.316139135969,2.3496868048968e-152,5.63924833175232e-151
"CARD_398","fixed",NA,"st131_detectyes",0.033528938442708,0.0561969904087663,0.596632278682984,250.213674598258,0.551292341757092,0.717731134202836
"CARD_399","fixed",NA,"(Intercept)",-4.99344518919765,0.0571688582211802,-87.3455469388341,132.169670989722,8.96955559485717e-119,8.23088631057481e-118
"CARD_399","fixed",NA,"st131_detectyes",-0.0775327040931716,0.128129713480483,-0.605111039329542,249.535027569214,0.545655108893345,0.715312579725729
"CARD_400","fixed",NA,"(Intercept)",-3.60221935885315,0.0505593436955992,-71.2473520333037,121.20704975106,8.78527735663525e-101,4.56834422545033e-100
"CARD_400","fixed",NA,"st131_detectyes",-0.004276604754627,0.115797451086833,-0.0369317693480153,251.368509148789,0.970568720901286,0.981210898433026
"CARD_401","fixed",NA,"(Intercept)",-3.36634609167266,0.087927752980018,-38.2853647179824,124.468451950608,1.03473148432566e-70,2.30597302221148e-70
"CARD_401","fixed",NA,"st131_detectyes",-0.0605335096063006,0.12937153371384,-0.467904398043206,182.45833225103,0.640411368111018,0.771460798651111
"CARD_408","fixed",NA,"(Intercept)",-3.45944992143463,0.0469605824776164,-73.6670999147757,133.645759077395,4.43175508185873e-110,3.07268352342205e-109
"CARD_408","fixed",NA,"st131_detectyes",-0.0516623062852631,0.0979820339118986,-0.527263052446081,239.169005163644,0.598499668362302,0.735164946964717
"CARD_412","fixed",NA,"(Intercept)",-2.139033062198,0.0642042636576971,-33.3160594069295,122.590135363366,2.75512368834492e-63,5.96943465808067e-63
"CARD_412","fixed",NA,"st131_detectyes",-0.0210274427955868,0.114670403046549,-0.18337288643741,206.946537716551,0.854684983278885,0.922704895442949
"CARD_431","fixed",NA,"(Intercept)",-4.39328854631778,0.027083752580171,-162.21121993022,139.277021162047,1.42487885428278e-160,4.04147456851116e-159
"CARD_431","fixed",NA,"st131_detectyes",0.0443447727304496,0.0662013205574518,0.669847253152083,251.629434620658,0.503569383046395,0.66877891624232
"CARD_437","fixed",NA,"(Intercept)",-4.67340847122443,0.0350499393043277,-133.33570796362,119.701324187007,5.07792827001005e-132,7.54435057258636e-131
"CARD_437","fixed",NA,"st131_detectyes",-0.082167721449655,0.0778363859480704,-1.05564666767127,247.457147713041,0.292159210997444,0.440916382759957
"CARD_438","fixed",NA,"(Intercept)",-2.94972835629829,0.102502427370158,-28.7771561315927,127.6285913121,1.20127853311734e-57,2.54965239682048e-57
"CARD_438","fixed",NA,"st131_detectyes",-0.178161074485629,0.17398310669558,-1.0240136405735,202.122394019206,0.307052833028069,0.456192780498845
"CARD_448","fixed",NA,"(Intercept)",-3.50300638365031,0.0715953214490312,-48.9278672509921,132.130144411964,1.56131696805893e-86,5.12769362141458e-86
"CARD_448","fixed",NA,"st131_detectyes",0.194334655818117,0.131013185136126,1.48332135896245,216.180577531984,0.13944546972092,0.233158864301853
"CARD_455","fixed",NA,"(Intercept)",-3.77354743355906,0.0300845766751448,-125.431295720264,145.03420041207,8.6371737174628e-150,1.92485585703457e-148
"CARD_455","fixed",NA,"st131_detectyes",0.0853559281074572,0.0578527574460446,1.47539947749358,229.307800411778,0.14147691869274,0.234519484297235
"CARD_460","fixed",NA,"(Intercept)",-2.41533291233444,0.085787341806401,-28.1548869737123,126.934872840034,1.98105428475211e-56,4.14824789827288e-56
"CARD_460","fixed",NA,"st131_detectyes",-0.348050924141102,0.167764179230438,-2.07464385864533,225.480312824741,0.039154468265764,0.0706138387220715
"CARD_461","fixed",NA,"(Intercept)",-2.56309116109787,0.0416738648664474,-61.5035627079905,132.919132096146,1.59789329169435e-99,7.78972979700997e-99
"CARD_461","fixed",NA,"st131_detectyes",0.0506799441918338,0.0870563047821532,0.582151336639588,239.222015607056,0.561012983513228,0.72629066745281
"CARD_465","fixed",NA,"(Intercept)",-4.08789073626555,0.026066169416098,-156.8274444553,106.804433380398,4.3392168371048e-128,5.01420612287666e-127
"CARD_465","fixed",NA,"st131_detectyes",0.0362170415954465,0.0677458130232044,0.534601918247574,231.328891881318,0.593438599948455,0.734733504698087
"CARD_469","fixed",NA,"(Intercept)",-3.94455103913314,0.0578125296598825,-68.2300370237969,128.30752973873,1.08317692428196e-102,6.14456727956312e-102
"CARD_469","fixed",NA,"st131_detectyes",0.153823669091267,0.129753897530173,1.18550326440481,249.487268344552,0.236946432995312,0.371493904997676
"CARD_480","fixed",NA,"(Intercept)",-4.78840731262889,0.0445727234059636,-107.429094449011,137.872410561911,8.51521824221203e-135,1.39828846924745e-133
"CARD_480","fixed",NA,"st131_detectyes",0.0364633523283301,0.0903673468045387,0.403501415253444,235.380303620168,0.686945701329272,0.805740822611777
"CARD_489","fixed",NA,"(Intercept)",-3.59337775922322,0.0757809103658765,-47.4179808856096,129.720699964028,8.3681431695537e-84,2.39528501734014e-83
"CARD_489","fixed",NA,"st131_detectyes",0.237211521416039,0.170996976796071,1.38722640517168,250.163859497923,0.16660736467235,0.272154438627085
"CARD_491","fixed",NA,"(Intercept)",-3.50751570070606,0.041250658788076,-85.029325682429,132.273648700102,2.51149745562003e-117,2.11780325987419e-116
"CARD_491","fixed",NA,"st131_detectyes",0.208812896001268,0.091717099318391,2.27670627999677,248.589843467446,0.0236543294772568,0.0441794234911982
"CARD_511","fixed",NA,"(Intercept)",-4.33352468163171,0.0749235446645316,-57.839290720093,143.632495869561,2.1563488940003e-101,1.15996699125533e-100
"CARD_511","fixed",NA,"st131_detectyes",0.577107400551543,0.157120012535032,3.67303560660594,241.845357727858,0.000295085483160074,0.000571842675440641
"CARD_513","fixed",NA,"(Intercept)",-3.18532067118151,0.0727656087685418,-43.7750844813738,128.781144314333,3.4410822404893e-79,9.02199713472824e-79
"CARD_513","fixed",NA,"st131_detectyes",0.107991878396385,0.144382557207993,0.747956543260385,228.869181531119,0.455254222250745,0.622979462027335
"CARD_514","fixed",NA,"(Intercept)",-3.17516555083104,0.0664741790030152,-47.7653970075661,130.532762196848,1.52826541599347e-84,4.45625055878469e-84
"CARD_514","fixed",NA,"st131_detectyes",0.072038339107927,0.132815009289734,0.542396070242153,230.721564851704,0.588069190484425,0.733910349724563
"CARD_516","fixed",NA,"(Intercept)",-2.98818066984819,0.0483809917043591,-61.7635266368249,130.665323386568,1.45354823793205e-98,6.66922132698233e-98
"CARD_516","fixed",NA,"st131_detectyes",-0.210639189528379,0.105761395733585,-1.99164532641932,246.149274348101,0.047515083351221,0.0847126057461769
"CARD_517","fixed",NA,"(Intercept)",-2.88234604451781,0.0650225829279808,-44.3283843047316,131.1967835569,8.08435686103176e-81,2.1744132246913e-80
"CARD_517","fixed",NA,"st131_detectyes",0.0552483954255218,0.135141688668404,0.408818300036817,237.974340112276,0.683040668126654,0.804183730020815
"CARD_534","fixed",NA,"(Intercept)",-4.65334672765731,0.0317171383836395,-146.71395229204,103.770363731721,3.75245520316034e-122,3.77666459156783e-121
"CARD_534","fixed",NA,"st131_detectyes",-0.0771839739351134,0.0575725183551566,-1.34063918237824,197.841413608446,0.181574974675959,0.290519959481534
"CARD_541","fixed",NA,"(Intercept)",-2.81015807066151,0.0609034681277564,-46.1411830401297,130.746701100068,8.86277107084319e-83,2.51380415827552e-82
"CARD_541","fixed",NA,"st131_detectyes",-0.0136401182075244,0.123696560604364,-0.110270796058361,233.754558576822,0.912289230971887,0.9517620632537
"CARD_542","fixed",NA,"(Intercept)",-2.81279658631843,0.0588974880932449,-47.757496582287,132.453861334792,2.34869625743359e-85,7.1842473756792e-85
"CARD_542","fixed",NA,"st131_detectyes",-0.169044492608308,0.122463259451057,-1.38036904591673,238.326135435174,0.168766365565447,0.272824383712018
"CARD_543","fixed",NA,"(Intercept)",-2.62494482264804,0.0675321942894481,-38.8695325284017,130.623311681246,1.17369519346289e-73,2.7741886390941e-73
"CARD_543","fixed",NA,"st131_detectyes",-0.0137254957463078,0.138702253193094,-0.0989565449034191,235.733565261817,0.921256868918646,0.9517620632537
"CARD_544","fixed",NA,"(Intercept)",-2.92244650331526,0.0519429635430611,-56.2626062121491,133.73467641417,5.70660628651812e-95,2.34271205446533e-94
"CARD_544","fixed",NA,"st131_detectyes",0.0613464465849593,0.10642418475681,0.576433324109008,236.090555907495,0.564871467206434,0.72826404036532
"CARD_545","fixed",NA,"(Intercept)",-3.22117213359376,0.0788626217757011,-40.8453594499474,129.770967410602,6.09082516395629e-76,1.52026996092349e-75
"CARD_545","fixed",NA,"st131_detectyes",-0.0317167069993847,0.158833019574354,-0.199685853007014,231.941640039287,0.841901234583484,0.915237579059397
"CARD_546","fixed",NA,"(Intercept)",-2.70329026866645,0.0508324793010611,-53.1803741591259,130.184377121439,3.60270613075955e-90,1.26297113797414e-89
"CARD_546","fixed",NA,"st131_detectyes",0.0703807868979895,0.106619330703376,0.660112818507506,239.356628723131,0.509816148744316,0.673994230543333
"CARD_547","fixed",NA,"(Intercept)",-3.09943844772175,0.0757332084442057,-40.9257512179109,124.804477316281,3.5128662860929e-74,8.43087908662296e-74
"CARD_547","fixed",NA,"st131_detectyes",-0.021919385277382,0.163516211335742,-0.134050227181302,243.451770202674,0.893473606427643,0.945409739863688
"CARD_548","fixed",NA,"(Intercept)",-4.4816168871691,0.0527115775867297,-85.0214903888091,125.690795103482,6.19693109679348e-113,4.95754487743479e-112
"CARD_548","fixed",NA,"st131_detectyes",-0.0810662806179829,0.0928287249191642,-0.873288744282288,206.488258591991,0.383520150620733,0.543901304516675
"CARD_555","fixed",NA,"(Intercept)",-4.21266991791343,0.0422142056220061,-99.7927085406857,136.321177573255,2.55797394283874e-129,3.32536612569036e-128
"CARD_555","fixed",NA,"st131_detectyes",-0.0390328434531863,0.0830583753709768,-0.469944701890059,229.940510877886,0.638839905891972,0.771460798651111
"CARD_568","fixed",NA,"(Intercept)",-4.20806363904068,0.0468131338362429,-89.8906630297582,144.265897766842,1.45705153320923e-128,1.74846183985108e-127
"CARD_568","fixed",NA,"st131_detectyes",0.140439035757852,0.0947814512582855,1.48171434276889,236.784962966096,0.139745857770662,0.233158864301853
"CARD_587","fixed",NA,"(Intercept)",-3.82025654599466,0.0251954714930309,-151.624729350722,145.064704986765,1.13244097476522e-161,3.53321584126749e-160
"CARD_587","fixed",NA,"st131_detectyes",0.240728109598979,0.0544987939418825,4.4171272827742,246.240116587544,1.49906423987079e-05,2.94156001785966e-05
"CARD_602","fixed",NA,"(Intercept)",-3.81230385100449,0.0217510785014207,-175.26964700879,252.999999997764,3.87308211229139e-266,6.04200809517457e-264
"CARD_602","fixed",NA,"st131_detectyes",-0.131655070919263,0.0578894782882808,-2.27424870308281,252.999999997102,0.0237889203414144,0.0441794234911982
"CARD_607","fixed",NA,"(Intercept)",-3.50507862368852,0.0572855918569286,-61.1860419011205,133.834205122737,1.03058824864686e-99,5.10386561234635e-99
"CARD_607","fixed",NA,"st131_detectyes",0.27363611875646,0.133862743188642,2.04415442443792,252.773837288673,0.0419746246109933,0.075264844130057
"CARD_608","fixed",NA,"(Intercept)",-0.937034156957299,0.0605643282551828,-15.4717171634296,139.717371373341,4.39857550252741e-32,8.85390681799066e-32
"CARD_608","fixed",NA,"st131_detectyes",0.000294544246267971,0.113079773236715,0.00260474740828661,222.83310847033,0.99792404496483,0.99792404496483
"CARD_626","fixed",NA,"(Intercept)",-3.99839259708185,0.0262470213408749,-152.337004079586,120.434780296443,1.37454353328214e-139,2.38254212435571e-138
"CARD_626","fixed",NA,"st131_detectyes",-0.00630301194829081,0.0624797906424526,-0.100880810954705,252.952711080317,0.91972498943363,0.9517620632537
"CARD_632","fixed",NA,"(Intercept)",-3.85668636831509,0.0578389999326765,-66.6796862463771,130.080969961191,1.89781090488142e-102,1.03880175846141e-101
"CARD_632","fixed",NA,"st131_detectyes",0.13756390597005,0.127880858705518,1.07571928561122,247.6970109937,0.283099486092418,0.430863608101632
"CARD_633","fixed",NA,"(Intercept)",-2.37574888202763,0.0745023216279113,-31.8882530116697,122.942575710964,2.69148856683943e-61,5.7913409162338e-61
"CARD_633","fixed",NA,"st131_detectyes",-0.165904161048194,0.120090384524893,-1.38149412798162,191.805810123124,0.168734209967314,0.272824383712018
"CARD_637","fixed",NA,"(Intercept)",-3.81329271061159,0.0207650677505217,-183.639791424026,252.999999995289,3.177539304651e-271,9.91392263051112e-269
"CARD_637","fixed",NA,"st131_detectyes",0.00737840575743407,0.0552652567834736,0.133508938289064,252.999999995062,0.893897029678808,0.945409739863688
"CARD_650","fixed",NA,"(Intercept)",-4.28135566783487,0.0567496478062255,-75.4428588253759,135.369957391367,1.77176738569919e-112,1.38197856084536e-111
"CARD_650","fixed",NA,"st131_detectyes",0.0659698755999415,0.122967001453404,0.536484380526589,245.393784563274,0.592109837383944,0.734733504698087
"CARD_651","fixed",NA,"(Intercept)",-3.60149061371401,0.0204290529683223,-176.292587781653,119.881517329915,1.20864793069281e-146,2.51398769584104e-145
"CARD_651","fixed",NA,"st131_detectyes",0.0145007653549098,0.0480301076669673,0.30190990733262,252.916421019182,0.762968850872538,0.85628158802961
"CARD_664","fixed",NA,"(Intercept)",-4.01218110506154,0.0429912698231132,-93.3254849547265,131.462300219329,5.10191956243181e-122,4.97437157337102e-121
"CARD_664","fixed",NA,"st131_detectyes",0.110269305997714,0.0933966679784041,1.18065567417471,245.315371467429,0.238883007425377,0.372657491583588
"CARD_666","fixed",NA,"(Intercept)",-4.05426171143446,0.0511607859467876,-79.2454931331841,129.373095411056,1.61563805893335e-111,1.22946115704196e-110
"CARD_666","fixed",NA,"st131_detectyes",0.200618333336985,0.114053619607395,1.75898260859735,248.72627032174,0.0798100717914155,0.140682160445885
"CARD_670","fixed",NA,"(Intercept)",-4.10320443357149,0.0503402924786973,-81.5093483079753,126.67175939404,2.59024809430346e-111,1.92418429862542e-110
"CARD_670","fixed",NA,"st131_detectyes",-0.0555616422168595,0.0932947385593308,-0.595549578409774,215.575682064669,0.55210087246372,0.717731134202836
"CARD_697","fixed",NA,"(Intercept)",-2.81692115922801,0.0491983821816425,-57.256377838357,134.886744899202,1.61777974984988e-96,6.82090921558327e-96
"CARD_697","fixed",NA,"st131_detectyes",0.0717766411983994,0.101396708607529,0.707879399480524,237.372442152474,0.479714626284676,0.653584993016676
"CARD_698","fixed",NA,"(Intercept)",-2.68445147627801,0.0722574984336727,-37.1511820152776,129.73600151468,5.25901929581606e-71,1.18899566688015e-70
"CARD_698","fixed",NA,"st131_detectyes",0.108590287102836,0.139362258576859,0.779194368774876,224.051642707757,0.436687455665901,0.605539938523382
"CARD_699","fixed",NA,"(Intercept)",-3.80270754059508,0.0764423585224673,-49.7460781443239,129.076971534043,4.46609510784848e-86,1.43651718932858e-85
"CARD_699","fixed",NA,"st131_detectyes",0.0511147557153083,0.151002193827667,0.338503397994625,228.148174232877,0.735295178706187,0.834225802750292
"CARD_707","fixed",NA,"(Intercept)",-2.58235097199473,0.0428951933268841,-60.2014065379272,134.338560966065,4.60255434038204e-99,2.17575296090787e-98
"CARD_707","fixed",NA,"st131_detectyes",0.0712328131473742,0.094591075384771,0.753060612300033,247.698226690658,0.4521286257285,0.621427890869128
"CARD_762","fixed",NA,"(Intercept)",-3.20163099050644,0.0440786211625653,-72.6345540324089,132.647708460979,1.09411068204973e-108,7.26303261275562e-108
"CARD_762","fixed",NA,"st131_detectyes",-0.00927323067252517,0.0915931909486397,-0.101243668622977,238.260333664853,0.919442179105157,0.9517620632537
"CARD_763","fixed",NA,"(Intercept)",-3.38907441358572,0.0869049179766833,-38.9974985592301,127.735399859221,8.349745874421e-73,1.92971904653285e-72
"CARD_763","fixed",NA,"st131_detectyes",0.00947545082189162,0.169865793920607,0.0557819829595611,225.697406899777,0.955564837136895,0.980711280219445
"CARD_764","fixed",NA,"(Intercept)",-2.95056325329543,0.0722856494275209,-40.8181053454309,129.672679198822,7.178517920081e-76,1.77753777068672e-75
"CARD_764","fixed",NA,"st131_detectyes",-0.0217930282888945,0.149588231911527,-0.145686783047104,236.852914688588,0.884292563838673,0.94486054766324
"CARD_765","fixed",NA,"(Intercept)",-2.50188957503145,0.0617758330692764,-40.4994874326631,125.721489919721,5.3755554651206e-74,1.28028496573865e-73
"CARD_765","fixed",NA,"st131_detectyes",0.175219735960027,0.116451603030648,1.5046571399615,218.147791842226,0.133858697146775,0.225750883836724
"CARD_771","fixed",NA,"(Intercept)",-2.9479862881554,0.0595632421879389,-49.493381821857,129.900485298722,3.58812638594177e-86,1.16614107543107e-85
"CARD_771","fixed",NA,"st131_detectyes",-0.0673580457771434,0.126826395362337,-0.5311043145609,241.88671694089,0.595833823466471,0.734783213128613
"CARD_772","fixed",NA,"(Intercept)",-2.73577784229969,0.046641169532457,-58.6558585413665,135.877269842808,2.23752269424855e-98,1.01174939218195e-97
"CARD_772","fixed",NA,"st131_detectyes",0.0416129799501983,0.101768459441191,0.408898593716506,246.425592815944,0.682969216538718,0.804183730020815
"CARD_773","fixed",NA,"(Intercept)",-3.12260322237744,0.0638423178837457,-48.9111818913526,131.041689361957,4.87392811822277e-86,1.55169956416888e-85
"CARD_773","fixed",NA,"st131_detectyes",0.0499822387530137,0.12740732261133,0.392302716426196,230.673788110542,0.695196786902095,0.80632489781953
"CARD_774","fixed",NA,"(Intercept)",-3.18845027608981,0.0597709805176253,-53.3444532526883,133.896906098807,4.39319985905405e-92,1.67155897076203e-91
"CARD_774","fixed",NA,"st131_detectyes",0.00635986716802183,0.131078126539155,0.0485196678953298,246.923041799845,0.961341311750053,0.981210898433026
"CARD_775","fixed",NA,"(Intercept)",-3.2356386919149,0.0531867859084057,-60.8353867723287,130.483533052707,1.22617213449043e-97,5.46522437087162e-97
"CARD_775","fixed",NA,"st131_detectyes",-0.0632226525883227,0.114127756537211,-0.553963860384037,243.254996485613,0.580112447058096,0.729818885008572
"CARD_776","fixed",NA,"(Intercept)",-2.66869357911042,0.0432564415353892,-61.694709143541,134.660770970348,1.29946498318319e-100,6.64644384841236e-100
"CARD_776","fixed",NA,"st131_detectyes",-0.041617257398051,0.0923716105567705,-0.450541645286931,243.112831437471,0.652721468595869,0.782548312893751
"CARD_777","fixed",NA,"(Intercept)",-2.56337389062381,0.0394385815388631,-64.9966046090639,132.753984466109,1.61188879519538e-102,8.98052328751709e-102
"CARD_777","fixed",NA,"st131_detectyes",0.04932332989558,0.0806892094455016,0.61127541383205,235.594482883574,0.54160661381241,0.713001111854312
"CARD_778","fixed",NA,"(Intercept)",-3.14393688693861,0.0648417493601539,-48.4863057823453,129.678372615705,5.65535743350534e-85,1.6966072300516e-84
"CARD_778","fixed",NA,"st131_detectyes",-0.0545974792333329,0.144106646984185,-0.378868569742829,248.351533112497,0.70510916114597,0.812401596024725
"CARD_779","fixed",NA,"(Intercept)",-3.11087870005871,0.0742155618527758,-41.9167978035372,131.642483421656,5.21948167145915e-78,1.35706523457938e-77
"CARD_779","fixed",NA,"st131_detectyes",-0.14256065094547,0.160616858958468,-0.887582112300756,244.75943439975,0.375636929794697,0.540086276939841
"CARD_780","fixed",NA,"(Intercept)",-3.03208664641565,0.0565984932104676,-53.5718616243106,131.87059108663,2.29559189590349e-91,8.62921290990228e-91
"CARD_780","fixed",NA,"st131_detectyes",0.00945137829535637,0.115708934702677,0.0816823551235899,235.230964145058,0.934968767659694,0.962740117194141
"CARD_781","fixed",NA,"(Intercept)",-3.08653944391996,0.0671239472168201,-45.982686833806,128.974515731672,7.38839917716831e-82,2.03998278166063e-81
"CARD_781","fixed",NA,"st131_detectyes",-0.0741487157556267,0.133495993637753,-0.555437760603004,229.362275502237,0.579136608766503,0.729818885008572
"CARD_782","fixed",NA,"(Intercept)",-2.84964441387476,0.0732939833941248,-38.8796498963814,127.531428661933,1.40983838768935e-72,3.23433512469909e-72
"CARD_782","fixed",NA,"st131_detectyes",-0.0406725705262038,0.142640663239156,-0.285140082796803,224.810761215261,0.775799338637336,0.861385742543946
"CARD_783","fixed",NA,"(Intercept)",-2.95302892290741,0.056605585201523,-52.1685079730959,128.512733634135,2.36198918813378e-88,8.01022420323631e-88
"CARD_783","fixed",NA,"st131_detectyes",0.105525754308646,0.111573075817802,0.945799455067177,227.542530590016,0.345254144871356,0.498700431480848
"CARD_784","fixed",NA,"(Intercept)",-3.1914268456662,0.0714397486131567,-44.6729853844762,133.312881974992,4.41307931658527e-82,1.24043310520235e-81
"CARD_784","fixed",NA,"st131_detectyes",-0.0867277288485323,0.154408288263203,-0.561677937266535,244.772854783826,0.574849383551825,0.729818885008572
"CARD_785","fixed",NA,"(Intercept)",-3.01971448086975,0.0776920201543926,-38.8677559789134,129.647138840344,2.60314421250056e-73,6.10662401729454e-73
"CARD_785","fixed",NA,"st131_detectyes",0.0356162708414308,0.157479733562268,0.226164154813915,233.07711024752,0.821271955558335,0.902242430050002
"CARD_791","fixed",NA,"(Intercept)",-3.10557709043497,0.0597176407655236,-52.0043499814194,129.444069345937,1.28231089422092e-88,4.39649449447172e-88
"CARD_791","fixed",NA,"st131_detectyes",0.305229113356593,0.138119700633114,2.20988832119879,252.261392984748,0.0280112672061403,0.051713108688259
"CARD_792","fixed",NA,"(Intercept)",-3.30654651221969,0.0625080993651456,-52.8978891663984,129.056892045933,2.37450972369166e-89,8.23163370879775e-89
"CARD_792","fixed",NA,"st131_detectyes",0.130821972973841,0.134533963750512,0.972408522924708,243.53621328607,0.33181217381359,0.483763543130094
"CARD_793","fixed",NA,"(Intercept)",-3.04575307149126,0.0766533884992459,-39.7340956625971,129.213688748041,2.6680874691194e-74,6.45304876252133e-74
"CARD_793","fixed",NA,"st131_detectyes",-0.167427830099933,0.160083180431959,-1.04588020832767,238.387284424326,0.296675667571616,0.445013501357425
"CARD_794","fixed",NA,"(Intercept)",-2.62884567733644,0.0517111178541497,-50.8371465639372,136.100283704198,2.11883468894338e-90,7.51223207898109e-90
"CARD_794","fixed",NA,"st131_detectyes",0.0238472575023939,0.115005436206073,0.207357654464812,248.876411874433,0.835900115874864,0.912459617182268
"CARD_799","fixed",NA,"(Intercept)",-4.10028776632693,0.055320531116256,-74.1187346468201,131.963935137153,2.06304098302779e-109,1.39927997109711e-108
"CARD_799","fixed",NA,"st131_detectyes",0.118850923115185,0.11988909052494,0.991340601507528,245.008568576002,0.322497312328579,0.474618686068474
"CARD_802","fixed",NA,"(Intercept)",-5.03694148397591,0.0181279231880682,-277.855407468365,139.294736348992,4.82348845141615e-193,2.5082139947364e-191
"CARD_802","fixed",NA,"st131_detectyes",0.00563600327200539,0.0471900599549004,0.119432000666914,239.124271172608,0.905033386611697,0.950742143511278
"CARD_822","fixed",NA,"(Intercept)",-4.13922879466444,0.0343885801862875,-120.366376635548,100.732229305797,1.16703096521082e-110,8.46775956152966e-110
"CARD_822","fixed",NA,"st131_detectyes",-0.0124582325136728,0.0906797757484964,-0.13738711207476,221.45739114536,0.890849644482931,0.945409739863688
"CARD_827","fixed",NA,"(Intercept)",-3.23863437460691,0.022118686960594,-146.420733761311,80.1589924255643,3.99362075785428e-99,1.91693796377005e-98
"CARD_827","fixed",NA,"st131_detectyes",0.00672929313065287,0.0528146002663297,0.127413501128833,252.766146683965,0.898714435050945,0.947293593702347
"CARD_839","fixed",NA,"(Intercept)",-4.05789649285893,0.0611336485525852,-66.3774629673618,133.979125448642,2.23396115096711e-104,1.3150865643429e-103
"CARD_839","fixed",NA,"st131_detectyes",0.21214115613529,0.132010288402721,1.60700471684536,244.718081627835,0.109342799710808,0.189527519498733
"CARD_840","fixed",NA,"(Intercept)",-3.75602299616891,0.0546023269619593,-68.788698305581,132.209973677122,2.20445758313177e-105,1.34860934497473e-104
"CARD_840","fixed",NA,"st131_detectyes",0.136440094644378,0.122824592699253,1.11085322284328,249.941943376835,0.267699015586027,0.411438881097736
"CARD_853","fixed",NA,"(Intercept)",-4.15253766895633,0.0523755913107524,-79.2838336529452,121.369220850327,2.13706555775588e-106,1.36074378371395e-105
"CARD_853","fixed",NA,"st131_detectyes",0.0533193850307903,0.0952651924193047,0.559694298376135,209.408441717279,0.576286139490892,0.729818885008572
"CARD_857","fixed",NA,"(Intercept)",-3.66386632510503,0.0384446678867031,-95.3023273839297,130.405673685386,1.90471452036605e-122,1.98090310118069e-121
"CARD_857","fixed",NA,"st131_detectyes",-0.0783230241631101,0.0755213858930685,-1.03709728359605,227.610182922966,0.300791045035173,0.4490277801482
"CARD_858","fixed",NA,"(Intercept)",-3.94488863791834,0.0719457367855637,-54.831444004475,129.10531080702,2.66039802870057e-91,9.76522570534797e-91
"CARD_858","fixed",NA,"st131_detectyes",0.414783497053234,0.143081393965492,2.89893385546181,229.401193649722,0.00410759284064924,0.00786238629621205
"CARD_859","fixed",NA,"(Intercept)",-4.16792856263043,0.0348637510003569,-119.549057202358,110.392009627913,1.30072328626407e-118,1.15950190089826e-117
"CARD_859","fixed",NA,"st131_detectyes",0.223381106861942,0.0908263095267127,2.45943172221749,231.367206052204,0.0146487845330983,0.027699519844404
"CARD_862","fixed",NA,"(Intercept)",-4.44670960741777,0.035664860168314,-124.680416141611,252.999999998315,3.75224087419513e-229,2.9267478818722e-227
"CARD_862","fixed",NA,"st131_detectyes",-0.035560260686912,0.094920357546102,-0.374632603650284,252.999999997628,0.708247545252324,0.812401596024725
"CARD_865","fixed",NA,"(Intercept)",-4.13845369620746,0.0134741987565014,-307.139130941692,148.19141005958,1.02939115818031e-209,6.42340082704511e-208
"CARD_865","fixed",NA,"st131_detectyes",0.0733512649194418,0.0339356070716097,2.16148379973456,248.159820735866,0.0316145885002124,0.0580220683062721
"CARD_866","fixed",NA,"(Intercept)",-3.22195991810085,0.0856372736270203,-37.6233359802367,122.216118411502,4.69306682029115e-69,1.03846584959634e-68
"CARD_866","fixed",NA,"st131_detectyes",0.139268076135418,0.157833388797743,0.882373984340433,212.259270754875,0.378572773678319,0.54181057517264
"CARD_879","fixed",NA,"(Intercept)",-3.22730206550125,0.0663524115579908,-48.6388058809384,131.27059851724,7.75357480076069e-86,2.41911533783734e-85
"CARD_879","fixed",NA,"st131_detectyes",0.00657148720491497,0.146938980938619,0.0447225587310974,248.005356755566,0.964364440505351,0.981210898433026
"CARD_880","fixed",NA,"(Intercept)",-2.88082223935442,0.0637926701745675,-45.1591418178781,130.626386045303,1.4015092886628e-81,3.83570963212977e-81
"CARD_880","fixed",NA,"st131_detectyes",-0.0425630442973482,0.13561953561338,-0.313841542848853,241.74695027208,0.753912033376806,0.852248385556389
"CARD_881","fixed",NA,"(Intercept)",-2.90759346489183,0.0513876036476256,-56.5816122664474,131.900395476258,2.21478950294886e-94,8.97421201194862e-94
"CARD_881","fixed",NA,"st131_detectyes",0.09292184173199,0.113071476876813,0.821797364805137,247.197553403414,0.411984146639636,0.573835061390921
"CARD_882","fixed",NA,"(Intercept)",-2.99464746075085,0.0703596851910853,-42.5619792444761,128.918852446599,9.00002299572636e-78,2.32066708650134e-77
"CARD_882","fixed",NA,"st131_detectyes",-0.0717143916830685,0.146232602039049,-0.490413154680228,237.454753203778,0.624294418833732,0.760858822953611
"CARD_883","fixed",NA,"(Intercept)",-2.5439998914748,0.0464607947816062,-54.7558409931027,129.355493425418,2.38627783954654e-91,8.86331768974428e-91
"CARD_883","fixed",NA,"st131_detectyes",0.0333961379102106,0.0960785165973276,0.347592147474303,236.649557932079,0.728455456283435,0.829482125403035
"CARD_884","fixed",NA,"(Intercept)",-2.72442765403197,0.0482328070090215,-56.4849492073391,133.666354103539,3.71558646082989e-95,1.54568396770523e-94
"CARD_884","fixed",NA,"st131_detectyes",0.0184928060363073,0.100787296379955,0.183483501398747,239.424485403577,0.854573953491383,0.922704895442949
"CARD_885","fixed",NA,"(Intercept)",-3.38429564616205,0.0700207244710218,-48.3327710721223,128.759146826647,2.10208596864256e-84,6.07269279830072e-84
"CARD_885","fixed",NA,"st131_detectyes",-0.147700958279129,0.140000940936911,-1.05499975422085,230.277430199844,0.292531061638818,0.440916382759957
